{
  "X": [
    -0.3793521653708,
    1.696363946463,
    -0.7521516640163
  ],
  "Y": [
    -1.463366472005,
    -1.235356551405,
    -1.150392959552
  ],
  "label": [
    "Porsche",
    "Nike athletic shoes",
    "/images/apple.jpg"
  ],
  "vb": {
    "width": 751.0149812734082,
    "height": 509,
    "x": 40.84375,
    "y": 70
  },
  "hiddenlabel.pts": [
    0
  ]
}
