{
  "X": [
    -0.3793521653708,
    1.696363946463,
    -0.7521516640163
  ],
  "Y": [
    -1.463366472005,
    -1.235356551405,
    -1.150392959552
  ],
  "label": [
    "Porsche",
    "Nike athletic shoes",
    "/images/apple.jpg"
  ],
  "legend.pts": [
    0
  ],
  "userPositionedLabs": [
    {
      "id": 0,
      "x": 0.2691984731081417,
      "y": 0.7265220580937605
    }
  ],
  "hiddenlabel.pts": [],
  "vb": {
    "width": 742.1556062734082,
    "height": 509,
    "x": 40.84375,
    "y": 70
  }
}
