{
  "X": [
    59.3,
    71.6,
    69.6,
    76.2,
    70.6,
    69.5,
    76.3,
    66.6,
    74.6,
    78.3,
    70.3,
    66.9,
    67.1,
    74.5,
    66.2,
    80.6,
    80.5,
    72.5,
    65.7,
    73.7,
    67.7,
    67,
    75,
    65.5,
    65.3,
    77.4,
    73.2,
    80,
    78.8,
    71.6,
    59.9,
    66.6,
    71.9,
    66.6,
    72.6,
    62.2,
    76.4,
    66.1,
    71.3,
    64.3
  ],
  "Y": [
    61.9,
    77.7,
    75.8,
    77.9,
    73.1,
    70.1,
    79.2,
    70.7,
    77.6,
    82.7,
    78.3,
    69.9,
    71.2,
    76.6,
    71.8,
    84.3,
    86.8,
    75.9,
    74.7,
    76,
    70.8,
    74,
    79.2,
    67.5,
    72,
    80,
    76,
    86.1,
    85.5,
    78.3,
    69.9,
    73.6,
    78,
    70.1,
    78.9,
    70.5,
    78.6,
    72.7,
    80.7,
    67.2
  ],
  "label": [
    "Afghanistan",
    "Armenia",
    "Azerbaijan",
    "Bahrain",
    "Bangladesh",
    "Bhutan",
    "Brunei",
    "Cambodia",
    "China",
    "Cyprus",
    "Georgia",
    "India",
    "Indonesia",
    "Iran",
    "Iraq",
    "Israel",
    "Japan",
    "Jordan",
    "Kazakhstan",
    "Kuwait",
    "Nepal",
    "North Korea",
    "Oman",
    "Pakistan",
    "Philippines",
    "Qatar",
    "Saudi Arabia",
    "Singapore",
    "South Korea",
    "Sri Lanka",
    "Syrian Arab Republic",
    "Tajikistan",
    "Thailand",
    "Timor-Leste",
    "Turkey",
    "Turkmenistan",
    "United Arab Emirates",
    "Uzbekistan",
    "Vietnam",
    "Yemen"
  ],
  "userPositionedLabs": [
    {
      "id": 2,
      "x": 0.3562244861594942,
      "y": 0.39816213383525784
    }
  ]
}
