{
  "X": [
    5,
    3,
    3,
    4,
    4,
    1.2
  ],
  "Y": [
    6,
    3,
    4,
    3,
    4,
    1.2
  ],
  "label": [
    "5,6",
    "3,3",
    "3,4",
    "4,3",
    "4,4",
    "1.2,1.2"
  ],
  "vb": {
    "width": 469.59310627340824,
    "height": 564,
    "x": 37.828125,
    "y": 11
  },
  "userPositionedLabs": [
    {
      "id": 2,
      "x": 0.4628687323824827,
      "y": 0.8247410387669145
    }
  ],
  "hiddenlabel.pts": []
}
