{
  "X": [
    0.2299,
    0.4896,
    0.03,
    0.1354,
    -0.0362,
    0.0922,
    -0.0018,
    -0.1238,
    -0.0738,
    0.1608,
    0.0174,
    -0.0519,
    -0.0414,
    0.4318,
    -0.0602,
    -0.0201,
    0.1112,
    0.5186,
    -0.0267
  ],
  "Y": [
    -0.1888,
    0.1727,
    -0.1127,
    0.086,
    -0.0026,
    0.0732,
    0.0121,
    0.1114,
    -0.0989,
    -0.0457,
    0.0452,
    -0.0253,
    -0.0145,
    0.0394,
    -0.0055,
    0.0367,
    -0.2034,
    -0.0329,
    0.0017
  ],
  "label": [
    "Q12:Every or nearly every day",
    "Q12:4 to 5 days a week",
    "Q12:2 to 3 days a week",
    "Q12:Once a week",
    "Q12:Once every 2 weeks",
    "",
    "",
    "",
    "",
    "",
    "",
    "",
    "",
    "",
    "",
    "",
    "",
    "",
    ""
  ],
  "vb": {
    "width": 357.6875,
    "height": 65,
    "x": 54.78125,
    "y": 45
  },
  "algoPositionedLabs": [
    {
      "id": 0,
      "x": 0.5150220287117077,
      "y": 0.8515693416611299
    },
    {
      "id": 2,
      "x": 0.4170360710003465,
      "y": 0.6139835793779799
    },
    {
      "id": 3,
      "x": 0.5109187364132827,
      "y": 0.2153846153846154
    },
    {
      "id": 4,
      "x": 0.1883190634282719,
      "y": 0.3026305784066625
    }
  ],
  "legend.pts": [
    1
  ],
  "userPositionedLabs": []
}