{
  "X": [ 5, 3, 3, 4, 4, 1.2],
  "Y": [ 6, 3, 4, 3, 4, 1.2],
  "label": [ "5,6", "3,3", "3,4", "4,3", "4,4", "1.2,1.2"],
  "userPositionedLabs": [
    {
      "id": 2,
      "x": 0.4724765289450357,
      "y": 0.8295504353203317
    }
  ]
}
