{
  "X": [
    5,
    3,
    3,
    4,
    4,
    1.2
  ],
  "Y": [
    6,
    3,
    4,
    3,
    4,
    1.2
  ],
  "label": [
    "5,6",
    "3,3",
    "3,4",
    "4,3",
    "4,4",
    "1.2,1.2"
  ],
  "vb": {
    "width": 443.46367115948027,
    "height": 564,
    "x": 38.015625,
    "y": 11
  },
  "userPositionedLabs": [
    {
      "id": 2,
      "x": 0.4835773376986145,
      "y": 0.8109340939655119
    }
  ]
}