{
  "label": [
    "AAPT/Cellular One",
    "New Tel",
    "One-tel",
    "Optus",
    "Orange (Hutchison)",
    "Telstra (Mobile Net)",
    "Virgin Mobile",
    "Vodafone",
    "Bureaucratic",
    "Slow service",
    "Friendly",
    "Low prices",
    "Fashionable",
    "Unfashionable",
    "Reliable",
    "Here today, gone tomorrow",
    "Good coverage",
    "Network often down",
    "The best phones",
    "Conveniently located stores",
    "High prices",
    "Unreliable",
    "Meet all my communication needs",
    "Leaders in mobile phone technology",
    "I like them",
    "I hate them",
    "Don't know much about them"
  ],
  "Y": [
    -0.4,
    -0.69333327,
    -0.75920545,
    0.3658043,
    -0.08094461,
    0.48521541,
    -0.22189491,
    0.42000216,
    0.21825659,
    -0.13477103,
    0.13356538,
    -0.07501604,
    0.12760115,
    -0.24972766,
    0.54374526,
    -1.18852528,
    0.73992841,
    -0.22834844,
    0.33175701,
    0.62929084,
    0.41148847,
    -0.60088265,
    0.37442339,
    0.42699632,
    0.23407885,
    -0.2736729,
    -0.81047442
  ],
  "X": [
    -0.4,
    -0.080977198,
    0.445169069,
    -0.017959017,
    -0.219998595,
    0.281132047,
    -0.377854433,
    -0.122436042,
    0.266697343,
    0.109247604,
    -0.290633124,
    -0.343742241,
    -0.395197456,
    0.106216381,
    0.114825455,
    0.566580664,
    0.266875347,
    -0.039409224,
    -0.08730993,
    0.047146022,
    0.278105189,
    0.242649732,
    0.002730039,
    0.035858164,
    -0.155592788,
    0.039125048,
    -0.488239536
  ],
  "group": [
    "Rows",
    "Rows",
    "Rows",
    "Rows",
    "Rows",
    "Rows",
    "Rows",
    "Rows",
    "Columns",
    "Columns",
    "Columns",
    "Columns",
    "Columns",
    "Columns",
    "Columns",
    "Columns",
    "Columns",
    "Columns",
    "Columns",
    "Columns",
    "Columns",
    "Columns",
    "Columns",
    "Columns",
    "Columns",
    "Columns",
    "Columns"
  ],
  "fixedAspectRatio": true,
  "title": "Brand Analysis",
  "labelsFontSize": 16,
  "labelsFontColor": null,
  "colors": [
    "#5B9BD5",
    "#ED7D31",
    "#A5A5A5",
    "#1EC000",
    "#4472C4",
    "#70AD47",
    "#255E91",
    "#9E480E",
    "#636363",
    "#997300",
    "#264478",
    "#43682B",
    "#FF2323"
  ],
  "xDecimals": 1,
  "yDecimals": 1,
  "titleFontColor": "black",
  "titleFontSize": 40,
  "xTitleFontColor": "black",
  "xTitleFontSize": 16,
  "yTitleFontColor": "black",
  "yTitleFontSize": 16,
  "legendFontSize": 16,
  "legendFontColor": "black",
  "axisFontFamily": "Times New Roman",
  "axisFontColor": "red",
  "axisFontSize": "10",
  "pointRadius": 2
}