{
  "X": [
    -0.3793521653708,
    1.696363946463,
    -0.7521516640163
  ],
  "Y": [
    -1.463366472005,
    -1.235356551405,
    -1.150392959552
  ],
  "label": [
    "Porsche",
    "Nike athletic shoes",
    "/images/apple.jpg"
  ],
  "viewBoxDim": {
    "width": 751.0774812734082,
    "height": 509,
    "x": 40.828125,
    "y": 65
  },
  "algoPositionedLabs": [
    {
      "id": 0,
      "x": 0.0689655172413793,
      "y": 0.5600426373420738
    },
    {
      "id": 1,
      "x": 0.9106075915281511,
      "y": 0.4218379600630848
    }
  ],
  "legendPts": [
    2
  ],
  "userPositionedLabs": []
}