{
  "X": [
    -0.3793521653708,
    1.696363946463,
    -0.7521516640163
  ],
  "Y": [
    -1.463366472005,
    -1.235356551405,
    -1.150392959552
  ],
  "label": [
    "Porsche",
    "Nike athletic shoes",
    "/images/apple.jpg"
  ],
  "legend.pts": [],
  "userPositionedLabs": [],
  "vb": {
    "width": 751.0774812734082,
    "height": 509,
    "x": 40.828125,
    "y": 65
  },
  "algoPositionedLabs": [
    {
      "id": 0,
      "x": 0.2002200931841327,
      "y": 0.5714755321902111
    },
    {
      "id": 1,
      "x": 0.9106075915281511,
      "y": 0.4529882591105309
    },
    {
      "id": 2,
      "x": 0.06896551724137932,
      "y": 0.40887810238739203
    }
  ]
}