{
  "X": [
    -0.3793521653708,
    1.696363946463,
    -0.7521516640163
  ],
  "Y": [
    -1.463366472005,
    -1.235356551405,
    -1.150392959552
  ],
  "label": [
    "Porsche",
    "Nike athletic shoes",
    "/images/apple.jpg"
  ],
  "legend.pts": [],
  "userPositionedLabs": [],
  "algoPositionedLabs": [],
  "vb": {
    "width": 751.0774812734082,
    "height": 514,
    "x": 40.828125,
    "y": 65
  }
}