{
  "X": [
    -0.3793521653708,
    1.696363946463,
    -0.7521516640163
  ],
  "Y": [
    -1.463366472005,
    -1.235356551405,
    -1.150392959552
  ],
  "label": [
    "Porsche",
    "Nike athletic shoes",
    "/images/apple.jpg"
  ],
  "vb": {
    "width": 715.5149812734082,
    "height": 509,
    "x": 40.828125,
    "y": 65
  },
  "algoPositionedLabs": [
    {
      "id": 0,
      "x": 0.20022009318413272,
      "y": 0.6240501430392489
    },
    {
      "id": 1,
      "x": 0.9061646132405093,
      "y": 0.509837551930455
    },
    {
      "id": 2,
      "x": 0.06987973880157557,
      "y": 0.4692634008633064
    }
  ],
  "legend.pts": [
    0
  ],
  "userPositionedLabs": []
}