{
  "X": [
    -4,
    -3,
    -2,
    -1,
    0,
    1,
    2,
    3,
    4
  ],
  "Y": [
    0,
    0,
    0,
    0,
    0,
    0,
    0,
    0,
    0
  ],
  "label": [
    "Text1",
    "Text2",
    "Text3",
    "Text4",
    "Text5",
    "Text6",
    "Text7",
    "Text8",
    "Text9"
  ],
  "vb": {
    "width": 712.7777453890185,
    "height": 313,
    "x": 45.6875,
    "y": 63
  },
  "userPositionedLabs": [
    {
      "id": 0,
      "x": 0.11722011408636569,
      "y": 0.5465753424657535
    },
    {
      "id": 1,
      "x": 0.2241223395814385,
      "y": 0.5383561643835616
    },
    {
      "id": 3,
      "x": 0.44213567618762256,
      "y": 0.5191780821917809
    },
    {
      "id": 2,
      "x": 0.33663641256456234,
      "y": 0.5305921484528864
    }
  ]
}