{
  "X": [
    -0.3793521653708,
    1.696363946463,
    -0.7521516640163
  ],
  "Y": [
    -1.463366472005,
    -1.235356551405,
    -1.150392959552
  ],
  "label": [
    "Porsche",
    "Nike athletic shoes",
    "Mercedes"
  ],
  "userPositionedLabs": [
    {
      "id": 0,
      "x": 0.363412264210951,
      "y": 0.643504219646443
    }
  ]
}
