{
  "label": [
    "Porsche",
    "Nike athletic shoes",
    "Mercedes",
    "Lexus",
    "Calvin Klein perfume",
    "Reebok athletic shoes",
    "Guess jeans",
    "Levi 's jeans",
    "American Express",
    "Three mobile phone network",
    "Michelin tires",
    "Visa",
    "Foxtel cable",
    "IBM computers",
    "Sony televisions",
    "Apple computers",
    "Lee jeans",
    "Telstra",
    "Qantas",
    "Revlon cosmetics",
    "Toyota",
    "Pepsi Cola",
    "Diet Coke",
    "SBS TV",
    "Kettle chips",
    "Thins chips",
    "Oil of Olay lotion",
    "Cheezels",
    "McDonald's",
    "Kodak film",
    "Mattel toys",
    "Avon cosmetics",
    "Cadbury s chocolate",
    "ABC radio",
    "Hallmark cards",
    "Arnott's",
    "Coco Pops",
    "Lego",
    "Panadol pain reliever",
    "Colgate toothpaste",
    "Kmart",
    "Campbell's soup"
  ],
  "X": [
    -0.3793521653708,
    1.696363946463,
    -0.7521516640163,
    -0.8407775636392,
    -1.490058965443,
    1.723226724213,
    0.2936182201667,
    1.560886527962,
    -1.246236216518,
    0.2701549218288,
    1.648646761036,
    -0.2831794099996,
    -0.152239638535,
    -1.072354472868,
    -1.10713857683,
    -1.174797044544,
    2.667682152992,
    0.2376417398695,
    -0.1458843678036,
    -1.214826577173,
    1.120051731034,
    1.140746332418,
    0.8703654051412,
    -0.5203233949234,
    0.3123519818036,
    0.7126882106964,
    -1.409354792266,
    1.192577563219,
    0.5367532137918,
    0.3523357628633,
    0.2019800913581,
    -0.7139864296807,
    -0.4624339309672,
    -1.064628191382,
    -1.360865293643,
    -0.2540015920349,
    0.2210326416131,
    -0.006234673891588,
    -0.2082301710698,
    -0.2012314452885,
    0.5434390100673,
    -0.2299694504592
  ],
  "Y": [
    -1.463366472005,
    -1.235356551405,
    -1.150392959552,
    -1.413409716576,
    -1.490651161978,
    -0.928856779784,
    -1.461162275175,
    -0.4281123099712,
    -1.483539795699,
    -1.035105971734,
    -0.6940265721967,
    -0.6144016065726,
    -0.6003340340931,
    -0.6624603015692,
    -0.5054139781123,
    -0.5307146294729,
    -0.2797761338437,
    -0.5363090065768,
    -0.0874168655545,
    -0.1970886842393,
    -0.03890606805609,
    0.1330418209417,
    0.18243758025,
    0.2431175201354,
    0.5962678635578,
    0.9257717803207,
    0.4950898696105,
    1.500520625135,
    0.7715348176269,
    0.5475119036051,
    0.756945359479,
    1.224315574928,
    0.8057609005604,
    0.7643552355976,
    0.8214978896733,
    1.64165031293,
    2.025627143634,
    1.146020979644,
    1.139169270299,
    1.208417377039,
    1.589810627247,
    1.965506694775
  ],
  "group": [
    "Porsche",
    "Nike athletic shoes",
    "Mercedes",
    "Lexus",
    "Calvin Klein perfume",
    "Reebok athletic shoes",
    "Guess jeans",
    "Levi 's jeans",
    "American Express",
    "Three mobile phone network",
    "Michelin tires",
    "Visa",
    "Foxtel cable",
    "IBM computers",
    "Sony televisions",
    "Apple computers",
    "Lee jeans",
    "Telstra",
    "Qantas",
    "Revlon cosmetics",
    "Toyota",
    "Pepsi Cola",
    "Diet Coke",
    "SBS TV",
    "Kettle chips",
    "Thins chips",
    "Oil of Olay lotion",
    "Cheezels",
    "McDonald's",
    "Kodak film",
    "Mattel toys",
    "Avon cosmetics",
    "Cadbury s chocolate",
    "ABC radio",
    "Hallmark cards",
    "Arnott's",
    "Coco Pops",
    "Lego",
    "Panadol pain reliever",
    "Colgate toothpaste",
    "Kmart",
    "Campbell's soup"
  ],
  "fixedAspectRatio": true,
  "title": "Brand Analysis",
  "labelsFontSize": 16,
  "labelsFontColor": null,
  "colors": [
    "#5B9BD5",
    "#ED7D31",
    "#A5A5A5",
    "#1EC000",
    "#4472C4",
    "#70AD47",
    "#255E91",
    "#9E480E",
    "#636363",
    "#997300",
    "#264478",
    "#43682B",
    "#FF2323"
  ],
  "titleFontColor": "black",
  "titleFontSize": 40,
  "xTitleFontColor": "black",
  "xTitleFontSize": 16,
  "yTitleFontColor": "black",
  "yTitleFontSize": 16,
  "legendFontSize": 16,
  "legendFontColor": "black",
  "axisFontFamily": "Times New Roman",
  "axisFontColor": "red",
  "axisFontSize": "10",
  "pointRadius": 2
}